Label,Input Size,Threads,Mode,Cnt,Score,Score Mean Error,Units
ClassicStreamBenchmark.bench_defaultParallelStream, 100,7,AverageTime,20,0.06714755224892802,3.713113413851347E-5,ms/op
ClassicStreamBenchmark.bench_parallelStreamWithCustomForkJoinPool_8, 100,8,AverageTime,20,0.07765205763939463,6.324883570967828E-4,ms/op
ForkJoinBenchmark.bench, 100,7,AverageTime,20,0.08016136334013899,4.303252878972784E-4,ms/op
ClassicStreamBenchmark.bench_parallelStreamWithCustomForkJoinPool_4, 100,4,AverageTime,20,0.08069969205678827,0.0012706380956090284,ms/op
ClassicStreamBenchmark.bench_parallelStreamWithCustomForkJoinPool_16, 100,16,AverageTime,20,0.08320064895419413,1.7894924501794574E-4,ms/op
ForkJoinBenchmark.bench_customForkJoinPool_8, 100,8,AverageTime,20,0.0898458006742372,9.385148027419144E-5,ms/op
ForkJoinBenchmark.bench_customForkJoinPool_16, 100,16,AverageTime,20,0.09354462533403499,6.378574903135791E-5,ms/op
ForkJoinBenchmark.bench_customForkJoinPool_32, 100,32,AverageTime,20,0.09367492251174572,4.5094090401600253E-5,ms/op
ForkJoinBenchmark.bench_customForkJoinPool_4, 100,4,AverageTime,20,0.10947533070773985,9.829958470983008E-4,ms/op
ClassicStreamBenchmark.bench_sequential, 100,1,AverageTime,20,0.11426543023885467,1.785997732308179E-4,ms/op
ClassicStreamBenchmark.bench_parallelStreamWithCustomForkJoinPool_32, 100,32,AverageTime,20,0.2371652408009169,0.00422623915031607,ms/op
ClassicStreamBenchmark.bench_defaultParallelStream, 1000,7,AverageTime,20,0.3821552416824739,0.0030738069192941912,ms/op
ClassicStreamBenchmark.bench_parallelStreamWithCustomForkJoinPool_8, 1000,8,AverageTime,20,0.4110207838399435,5.783719751777604E-4,ms/op
ClassicStreamBenchmark.bench_parallelStreamWithCustomForkJoinPool_16, 1000,16,AverageTime,20,0.42497662133579234,0.0012767064752619403,ms/op
ClassicStreamBenchmark.bench_parallelStreamWithCustomForkJoinPool_4, 1000,4,AverageTime,20,0.4462192554009099,0.006001511833129678,ms/op
ForkJoinBenchmark.bench_customForkJoinPool_8, 1000,8,AverageTime,20,0.4778568443630231,0.0024562600338396885,ms/op
ForkJoinBenchmark.bench, 1000,7,AverageTime,20,0.48415501226988444,4.5569647278975614E-4,ms/op
ForkJoinBenchmark.bench_customForkJoinPool_16, 1000,16,AverageTime,20,0.4879965927859426,0.0015854451545518876,ms/op
ClassicStreamBenchmark.bench_parallelStreamWithCustomForkJoinPool_32, 1000,32,AverageTime,20,0.4955200647253698,0.0026294621478762446,ms/op
ForkJoinBenchmark.bench_customForkJoinPool_32, 1000,32,AverageTime,20,0.5629250757962685,0.0024379533886160036,ms/op
ForkJoinBenchmark.bench_customForkJoinPool_4, 1000,4,AverageTime,20,0.6003209309704678,0.0034308538568396376,ms/op
ClassicStreamBenchmark.bench_sequential, 1000,1,AverageTime,20,1.138420881162819,0.0011980877195507521,ms/op
ClassicStreamBenchmark.bench_defaultParallelStream, 10000,7,AverageTime,20,3.2518252890421047,0.00482417388456893,ms/op
ClassicStreamBenchmark.bench_parallelStreamWithCustomForkJoinPool_8, 10000,8,AverageTime,20,3.572398472842104,0.011531466961089004,ms/op
ClassicStreamBenchmark.bench_parallelStreamWithCustomForkJoinPool_16, 10000,16,AverageTime,20,3.5984137588690785,0.00552148362517419,ms/op
ClassicStreamBenchmark.bench_parallelStreamWithCustomForkJoinPool_4, 10000,4,AverageTime,20,3.616525775021681,0.03380807614696148,ms/op
ForkJoinBenchmark.bench_customForkJoinPool_16, 10000,16,AverageTime,20,3.8414896031295647,0.012662530140009152,ms/op
ForkJoinBenchmark.bench_customForkJoinPool_8, 10000,8,AverageTime,20,3.872766703001713,0.004578014145794649,ms/op
ClassicStreamBenchmark.bench_parallelStreamWithCustomForkJoinPool_32, 10000,32,AverageTime,20,3.933803218550712,0.006465407381339959,ms/op
ForkJoinBenchmark.bench_customForkJoinPool_32, 10000,32,AverageTime,20,3.9439145101802198,0.00801593607332474,ms/op
ForkJoinBenchmark.bench, 10000,7,AverageTime,20,4.0256172304579065,0.007868156836141376,ms/op
ForkJoinBenchmark.bench_customForkJoinPool_4, 10000,4,AverageTime,20,4.9024649458764795,0.01923321527631847,ms/op
ClassicStreamBenchmark.bench_sequential, 10000,1,AverageTime,20,11.095844781211024,0.019023209105431253,ms/op
ClassicStreamBenchmark.bench_defaultParallelStream, 100000,7,AverageTime,20,31.83315275718318,0.05288466320935975,ms/op
ClassicStreamBenchmark.bench_parallelStreamWithCustomForkJoinPool_8, 100000,8,AverageTime,20,32.16108929744723,0.049085968936244055,ms/op
ClassicStreamBenchmark.bench_parallelStreamWithCustomForkJoinPool_16, 100000,16,AverageTime,20,32.882515897122516,0.0380669092212985,ms/op
ClassicStreamBenchmark.bench_parallelStreamWithCustomForkJoinPool_32, 100000,32,AverageTime,20,33.60687083356218,0.08027479983931668,ms/op
ClassicStreamBenchmark.bench_parallelStreamWithCustomForkJoinPool_4, 100000,4,AverageTime,20,34.08975602346475,0.29052194426025724,ms/op
ForkJoinBenchmark.bench_customForkJoinPool_8, 100000,8,AverageTime,20,35.36394624457216,0.08439945325016072,ms/op
ForkJoinBenchmark.bench_customForkJoinPool_16, 100000,16,AverageTime,20,35.61865332391703,0.05152285418115936,ms/op
ForkJoinBenchmark.bench_customForkJoinPool_32, 100000,32,AverageTime,20,35.64135362669385,0.17323137564539892,ms/op
ForkJoinBenchmark.bench, 100000,7,AverageTime,20,36.229026949960065,0.0885199366594141,ms/op
ForkJoinBenchmark.bench_customForkJoinPool_4, 100000,4,AverageTime,20,41.60683244437824,0.33902048542132635,ms/op
ClassicStreamBenchmark.bench_sequential, 100000,1,AverageTime,20,113.22503054999997,0.08014163608752604,ms/op
ClassicStreamBenchmark.bench_defaultParallelStream, 1000000,7,AverageTime,20,307.10822694242427,0.7912637527273424,ms/op
ClassicStreamBenchmark.bench_parallelStreamWithCustomForkJoinPool_8, 1000000,8,AverageTime,20,318.2992356578125,0.5638523813870002,ms/op
ClassicStreamBenchmark.bench_parallelStreamWithCustomForkJoinPool_32, 1000000,32,AverageTime,20,320.48162244375,0.5984416349996069,ms/op
ClassicStreamBenchmark.bench_parallelStreamWithCustomForkJoinPool_16, 1000000,16,AverageTime,20,324.80180525967745,0.570624838313328,ms/op
ClassicStreamBenchmark.bench_parallelStreamWithCustomForkJoinPool_4, 1000000,4,AverageTime,20,334.9804391607528,3.1797815733313177,ms/op
ForkJoinBenchmark.bench_customForkJoinPool_8, 1000000,8,AverageTime,20,356.86099078959364,0.3487744199764054,ms/op
ForkJoinBenchmark.bench_customForkJoinPool_16, 1000000,16,AverageTime,20,358.6680009053572,0.4265219229495139,ms/op
ForkJoinBenchmark.bench, 1000000,7,AverageTime,20,360.4959989142857,0.2656150573209038,ms/op
ForkJoinBenchmark.bench_customForkJoinPool_32, 1000000,32,AverageTime,20,361.75289745535713,2.1044366584670122,ms/op
ForkJoinBenchmark.bench_customForkJoinPool_4, 1000000,4,AverageTime,20,380.93853000299134,3.054350029613068,ms/op
ClassicStreamBenchmark.bench_sequential, 1000000,1,AverageTime,20,1142.4943080944445,1.7648954376667687,ms/op
