Label,Input Size,Threads,Mode,Cnt,Score,Score Mean Error,Units
ClassicStreamBenchmark.bench_sequential, 1000000,1,Throughput,20,8.974404943599554E-4,7.934124677341068E-7,ops/ms
ForkJoinBenchmark.bench_customForkJoinPool_4, 1000000,4,Throughput,20,0.002577984984031993,1.861535433213379E-5,ops/ms
ForkJoinBenchmark.bench_customForkJoinPool_8, 1000000,8,Throughput,20,0.002777960380956841,3.6020594781530656E-6,ops/ms
ForkJoinBenchmark.bench, 1000000,7,Throughput,20,0.0027918223585540725,4.047407586131831E-6,ops/ms
ForkJoinBenchmark.bench_customForkJoinPool_16, 1000000,16,Throughput,20,0.002819021202341266,2.606197467890607E-6,ops/ms
ClassicStreamBenchmark.bench_parallelStreamWithCustomForkJoinPool_4, 1000000,4,Throughput,20,0.0028746946716654747,3.752979020391835E-5,ops/ms
ForkJoinBenchmark.bench_customForkJoinPool_32, 1000000,32,Throughput,20,0.0028804888598113567,3.411766269819921E-6,ops/ms
ClassicStreamBenchmark.bench_parallelStreamWithCustomForkJoinPool_16, 1000000,16,Throughput,20,0.0030531144941770036,7.872329419568194E-6,ops/ms
ClassicStreamBenchmark.bench_parallelStreamWithCustomForkJoinPool_32, 1000000,32,Throughput,20,0.0030591916234501844,7.935407449045465E-6,ops/ms
ClassicStreamBenchmark.bench_parallelStreamWithCustomForkJoinPool_8, 1000000,8,Throughput,20,0.003088117701579126,9.004489846985501E-6,ops/ms
ClassicStreamBenchmark.bench_defaultParallelStream, 1000000,7,Throughput,20,0.003187846983410296,8.7879025131383E-6,ops/ms
ClassicStreamBenchmark.bench_sequential, 100000,1,Throughput,20,0.008957985665734778,7.308457481647965E-6,ops/ms
ForkJoinBenchmark.bench_customForkJoinPool_4, 100000,4,Throughput,20,0.02447592562828875,1.740387099785759E-4,ops/ms
ForkJoinBenchmark.bench_customForkJoinPool_32, 100000,32,Throughput,20,0.02754704693071549,3.591025361392891E-5,ops/ms
ForkJoinBenchmark.bench_customForkJoinPool_8, 100000,8,Throughput,20,0.027843427707254242,3.190898176627295E-5,ops/ms
ForkJoinBenchmark.bench, 100000,7,Throughput,20,0.027846717330277004,3.137250876900014E-5,ops/ms
ClassicStreamBenchmark.bench_parallelStreamWithCustomForkJoinPool_4, 100000,4,Throughput,20,0.028194403148774423,2.1218484951479106E-4,ops/ms
ForkJoinBenchmark.bench_customForkJoinPool_16, 100000,16,Throughput,20,0.028218182435717647,4.266974364903941E-5,ops/ms
ClassicStreamBenchmark.bench_parallelStreamWithCustomForkJoinPool_32, 100000,32,Throughput,20,0.02922032287327157,2.069411258031746E-4,ops/ms
ClassicStreamBenchmark.bench_parallelStreamWithCustomForkJoinPool_16, 100000,16,Throughput,20,0.030111863982940634,3.3026679026012676E-5,ops/ms
ClassicStreamBenchmark.bench_defaultParallelStream, 100000,7,Throughput,20,0.03130816212095326,6.345536445886812E-5,ops/ms
ClassicStreamBenchmark.bench_parallelStreamWithCustomForkJoinPool_8, 100000,8,Throughput,20,0.03154277523338615,6.002926764515534E-5,ops/ms
ClassicStreamBenchmark.bench_sequential, 10000,1,Throughput,20,0.0897878339611567,2.2077667578338883E-4,ops/ms
ForkJoinBenchmark.bench_customForkJoinPool_4, 10000,4,Throughput,20,0.20304558539753378,9.50807261889557E-4,ops/ms
ForkJoinBenchmark.bench_customForkJoinPool_32, 10000,32,Throughput,20,0.2408971870561666,0.0017698555241862657,ops/ms
ForkJoinBenchmark.bench_customForkJoinPool_8, 10000,8,Throughput,20,0.2516030049421412,3.5257833115170825E-4,ops/ms
ForkJoinBenchmark.bench, 10000,7,Throughput,20,0.25322222943393047,3.8672415073757224E-4,ops/ms
ForkJoinBenchmark.bench_customForkJoinPool_16, 10000,16,Throughput,20,0.25911203874427235,6.728868100515348E-4,ops/ms
ClassicStreamBenchmark.bench_parallelStreamWithCustomForkJoinPool_32, 10000,32,Throughput,20,0.26589225082044565,4.177672685370417E-4,ops/ms
ClassicStreamBenchmark.bench_parallelStreamWithCustomForkJoinPool_4, 10000,4,Throughput,20,0.2676728240293087,0.002952822266864224,ops/ms
ClassicStreamBenchmark.bench_parallelStreamWithCustomForkJoinPool_16, 10000,16,Throughput,20,0.2687633944155891,4.910140346904383E-4,ops/ms
ClassicStreamBenchmark.bench_parallelStreamWithCustomForkJoinPool_8, 10000,8,Throughput,20,0.2795401290240449,6.926894224871433E-4,ops/ms
ClassicStreamBenchmark.bench_defaultParallelStream, 10000,7,Throughput,20,0.3025464001195031,6.561086917944183E-4,ops/ms
ClassicStreamBenchmark.bench_sequential, 1000,1,Throughput,20,0.9090748850902932,0.0016760644295311237,ops/ms
ForkJoinBenchmark.bench_customForkJoinPool_4, 1000,4,Throughput,20,1.679736463400097,0.0076907761320131615,ops/ms
ForkJoinBenchmark.bench_customForkJoinPool_32, 1000,32,Throughput,20,1.8075850139640455,0.008784459282425692,ops/ms
ClassicStreamBenchmark.bench_parallelStreamWithCustomForkJoinPool_32, 1000,32,Throughput,20,1.9718544676388519,0.009949208232775574,ops/ms
ForkJoinBenchmark.bench_customForkJoinPool_16, 1000,16,Throughput,20,2.0801760677685324,0.003183867097889359,ops/ms
ForkJoinBenchmark.bench_customForkJoinPool_8, 1000,8,Throughput,20,2.1033957591964447,0.010257466999991024,ops/ms
ForkJoinBenchmark.bench, 1000,7,Throughput,20,2.116912089403013,0.001991847378908835,ops/ms
ClassicStreamBenchmark.bench_parallelStreamWithCustomForkJoinPool_4, 1000,4,Throughput,20,2.2297312757380903,0.030466773581805048,ops/ms
ClassicStreamBenchmark.bench_parallelStreamWithCustomForkJoinPool_8, 1000,8,Throughput,20,2.3671961810772464,0.007421830373459329,ops/ms
ClassicStreamBenchmark.bench_parallelStreamWithCustomForkJoinPool_16, 1000,16,Throughput,20,2.376985048458158,0.006219789109921156,ops/ms
ClassicStreamBenchmark.bench_defaultParallelStream, 1000,7,Throughput,20,2.576927281679141,0.03681265251092363,ops/ms
ClassicStreamBenchmark.bench_parallelStreamWithCustomForkJoinPool_32, 100,32,Throughput,20,4.275041289514286,0.09412087315199492,ops/ms
ClassicStreamBenchmark.bench_sequential, 100,1,Throughput,20,8.767766552506302,0.011445536790365033,ops/ms
ForkJoinBenchmark.bench_customForkJoinPool_4, 100,4,Throughput,20,9.277229338019469,0.0828250347828421,ops/ms
ForkJoinBenchmark.bench_customForkJoinPool_32, 100,32,Throughput,20,10.573342545954727,0.0066211406901247076,ops/ms
ForkJoinBenchmark.bench_customForkJoinPool_16, 100,16,Throughput,20,10.687388521734665,0.006339885470245052,ops/ms
ForkJoinBenchmark.bench_customForkJoinPool_8, 100,8,Throughput,20,11.127478786392139,0.020029380062770104,ops/ms
ClassicStreamBenchmark.bench_parallelStreamWithCustomForkJoinPool_16, 100,16,Throughput,20,12.074006079907083,0.02421379147817958,ops/ms
ForkJoinBenchmark.bench, 100,7,Throughput,20,12.11379329573099,0.012117892333181283,ops/ms
ClassicStreamBenchmark.bench_parallelStreamWithCustomForkJoinPool_4, 100,4,Throughput,20,12.121898779940853,0.12427378112331997,ops/ms
ClassicStreamBenchmark.bench_parallelStreamWithCustomForkJoinPool_8, 100,8,Throughput,20,12.827001245719199,0.00875556940166298,ops/ms
ClassicStreamBenchmark.bench_defaultParallelStream, 100,7,Throughput,20,14.872609352640723,0.05128819791825737,ops/ms
