Label,Input Size,Threads,Mode,Cnt,Score,Score Mean Error,Units
ClassicStreamBenchmark.bench_sequential, 1000000,1,Throughput,20,0.0018065423481550976,5.661547932812766E-6,ops/ms
ForkJoinBenchmark.bench_customForkJoinPool_4, 1000000,4,Throughput,20,0.0054006222965397675,1.668722304296614E-5,ops/ms
ClassicStreamBenchmark.bench_parallelStreamWithCustomForkJoinPool_4, 1000000,4,Throughput,20,0.006117349396197226,3.6118897369176616E-5,ops/ms
ForkJoinBenchmark.bench_customForkJoinPool_8, 1000000,8,Throughput,20,0.008519176373487421,3.081935560718434E-5,ops/ms
ClassicStreamBenchmark.bench_parallelStreamWithCustomForkJoinPool_8, 1000000,8,Throughput,20,0.008659908392474396,8.76670634987149E-6,ops/ms
ForkJoinBenchmark.bench_customForkJoinPool_32, 1000000,32,Throughput,20,0.009492830161002526,1.577743655847442E-5,ops/ms
ForkJoinBenchmark.bench_customForkJoinPool_16, 1000000,16,Throughput,20,0.009753961995346663,2.3240946830584695E-5,ops/ms
ForkJoinBenchmark.bench, 1000000,19,Throughput,20,0.009864133669943327,1.2493780701182828E-5,ops/ms
ClassicStreamBenchmark.bench_parallelStreamWithCustomForkJoinPool_32, 1000000,32,Throughput,20,0.0110976192197576,1.268007686718378E-5,ops/ms
ClassicStreamBenchmark.bench_defaultParallelStream, 1000000,19,Throughput,20,0.011211934335734959,2.374018597921201E-5,ops/ms
ClassicStreamBenchmark.bench_parallelStreamWithCustomForkJoinPool_16, 1000000,16,Throughput,20,0.011298972873329803,2.2447853910673867E-5,ops/ms
ClassicStreamBenchmark.bench_sequential, 100000,1,Throughput,20,0.01768006642414157,4.4558244891819045E-5,ops/ms
ForkJoinBenchmark.bench_customForkJoinPool_4, 100000,4,Throughput,20,0.05301916870475237,1.771716294557613E-4,ops/ms
ClassicStreamBenchmark.bench_parallelStreamWithCustomForkJoinPool_4, 100000,4,Throughput,20,0.060079660689573135,1.9408826781425095E-4,ops/ms
ForkJoinBenchmark.bench_customForkJoinPool_8, 100000,8,Throughput,20,0.07762734608094898,1.0800759453425706E-4,ops/ms
ClassicStreamBenchmark.bench_parallelStreamWithCustomForkJoinPool_8, 100000,8,Throughput,20,0.08439023691265168,1.5407610845390241E-4,ops/ms
ForkJoinBenchmark.bench_customForkJoinPool_32, 100000,32,Throughput,20,0.09126568432506602,1.1178348972088153E-4,ops/ms
ForkJoinBenchmark.bench_customForkJoinPool_16, 100000,16,Throughput,20,0.09207773481116215,1.757210053408425E-4,ops/ms
ForkJoinBenchmark.bench, 100000,19,Throughput,20,0.09251683041952263,2.1082310822461404E-4,ops/ms
ClassicStreamBenchmark.bench_defaultParallelStream, 100000,19,Throughput,20,0.10294521633815631,4.6221395464159597E-4,ops/ms
ClassicStreamBenchmark.bench_parallelStreamWithCustomForkJoinPool_32, 100000,32,Throughput,20,0.10658395700719421,3.32646463024756E-4,ops/ms
ClassicStreamBenchmark.bench_parallelStreamWithCustomForkJoinPool_16, 100000,16,Throughput,20,0.1066495930974775,1.573385521504391E-4,ops/ms
ClassicStreamBenchmark.bench_sequential, 10000,1,Throughput,20,0.18266767493384237,5.53638815922017E-4,ops/ms
ForkJoinBenchmark.bench_customForkJoinPool_4, 10000,4,Throughput,20,0.4459061830954513,0.002812797691100108,ops/ms
ClassicStreamBenchmark.bench_parallelStreamWithCustomForkJoinPool_4, 10000,4,Throughput,20,0.5760570747823954,0.0055332039998604865,ops/ms
ForkJoinBenchmark.bench_customForkJoinPool_8, 10000,8,Throughput,20,0.7117908638762382,0.004305767324063951,ops/ms
ClassicStreamBenchmark.bench_parallelStreamWithCustomForkJoinPool_8, 10000,8,Throughput,20,0.7568744581453487,0.005043684456409288,ops/ms
ForkJoinBenchmark.bench_customForkJoinPool_32, 10000,32,Throughput,20,0.8551250065474909,0.0010208218816015323,ops/ms
ForkJoinBenchmark.bench, 10000,19,Throughput,20,0.8710458135812289,0.0012298535435109365,ops/ms
ForkJoinBenchmark.bench_customForkJoinPool_16, 10000,16,Throughput,20,0.8767577599722373,0.005491252017135104,ops/ms
ClassicStreamBenchmark.bench_parallelStreamWithCustomForkJoinPool_16, 10000,16,Throughput,20,0.9540883152908897,0.0028429636916833803,ops/ms
ClassicStreamBenchmark.bench_defaultParallelStream, 10000,19,Throughput,20,0.9892913283112584,0.0213707240856498,ops/ms
ClassicStreamBenchmark.bench_parallelStreamWithCustomForkJoinPool_32, 10000,32,Throughput,20,1.0069272557484592,0.001355433042660464,ops/ms
ClassicStreamBenchmark.bench_sequential, 1000,1,Throughput,20,1.8447016337477862,0.0042287348525697445,ops/ms
ForkJoinBenchmark.bench_customForkJoinPool_4, 1000,4,Throughput,20,4.446577284103504,0.0287681283122658,ops/ms
ClassicStreamBenchmark.bench_parallelStreamWithCustomForkJoinPool_4, 1000,4,Throughput,20,5.212333245787975,0.02078537389313762,ops/ms
ForkJoinBenchmark.bench_customForkJoinPool_32, 1000,32,Throughput,20,5.686676639579498,0.007934778773368836,ops/ms
ForkJoinBenchmark.bench_customForkJoinPool_8, 1000,8,Throughput,20,5.8239277690244595,0.04495637356947349,ops/ms
ForkJoinBenchmark.bench_customForkJoinPool_16, 1000,16,Throughput,20,6.331562188663631,0.016681141543365766,ops/ms
ForkJoinBenchmark.bench, 1000,19,Throughput,20,6.3494391537252435,0.005332326221749582,ops/ms
ClassicStreamBenchmark.bench_parallelStreamWithCustomForkJoinPool_8, 1000,8,Throughput,20,6.883013201291123,0.032889489887969754,ops/ms
ClassicStreamBenchmark.bench_parallelStreamWithCustomForkJoinPool_32, 1000,32,Throughput,20,7.391974676899169,0.01517833119536837,ops/ms
ClassicStreamBenchmark.bench_parallelStreamWithCustomForkJoinPool_16, 1000,16,Throughput,20,7.709404172167997,0.0345465980786132,ops/ms
ClassicStreamBenchmark.bench_defaultParallelStream, 1000,19,Throughput,20,7.803324233678485,0.045485280688369344,ops/ms
ClassicStreamBenchmark.bench_sequential, 100,1,Throughput,20,17.723737204477693,0.03645184179484923,ops/ms
ForkJoinBenchmark.bench_customForkJoinPool_16, 100,16,Throughput,20,24.054332320210953,0.10616228432852932,ops/ms
ForkJoinBenchmark.bench_customForkJoinPool_32, 100,32,Throughput,20,24.268763216012708,0.07440692522073321,ops/ms
ClassicStreamBenchmark.bench_parallelStreamWithCustomForkJoinPool_32, 100,32,Throughput,20,24.458019767868375,0.03574760652531279,ops/ms
ClassicStreamBenchmark.bench_parallelStreamWithCustomForkJoinPool_16, 100,16,Throughput,20,24.977721429767794,0.2287252505405028,ops/ms
ForkJoinBenchmark.bench_customForkJoinPool_4, 100,4,Throughput,20,26.579306311172484,0.3832120460224847,ops/ms
ForkJoinBenchmark.bench, 100,19,Throughput,20,26.67803137917769,0.08352718231141401,ops/ms
ForkJoinBenchmark.bench_customForkJoinPool_8, 100,8,Throughput,20,26.980532510515303,0.14521775118062163,ops/ms
ClassicStreamBenchmark.bench_defaultParallelStream, 100,19,Throughput,20,28.34197186337144,0.5722826682520322,ops/ms
ClassicStreamBenchmark.bench_parallelStreamWithCustomForkJoinPool_8, 100,8,Throughput,20,30.907952980741232,0.17768924062624614,ops/ms
ClassicStreamBenchmark.bench_parallelStreamWithCustomForkJoinPool_4, 100,4,Throughput,20,31.6443337793521,0.31752936411393323,ops/ms
